PCC,KendallTau
0.7137383168548984,0.6135592001024192
