PCC,KendallTau
0.4117860467570424,0.3414126267799545
