PCC,KendallTau
-0.07509589767955363,-0.05307898819859523
