PCC,KendallTau
0.5522419831275864,0.4847794047331104
