PCC,KendallTau
0.24911066810660007,0.180044496896995
