PCC,KendallTau
0.5267579946838503,0.3527563135516449
