PCC,KendallTau
-0.00902158656339168,0.008210947531702121
