PCC,KendallTau
0.5347322840662405,0.45494207544548115
