Game,Training Accuracy,Test Accuracy
Heist!,66.81461924885669,66.81461924885669
Shootout,71.67732014852784,71.67732014852784
TopDown,69.69253841414181,69.69253841414181
