PCC_Lower,PCC_Upper,KendallTau_Lower,KendallTau_Upper
0.4630740880700189,0.6132652537628391,0.35770082645296986,0.49788807463338913
