PCC_Lower,PCC_Upper,KendallTau_Lower,KendallTau_Upper
0.2891044605930647,0.4603911378583807,0.22184781613745744,0.3112782475577021
