PCC_Lower,PCC_Upper,KendallTau_Lower,KendallTau_Upper
-0.14237641740401494,-0.00759406318558048,-0.1144605359841839,-0.02455373901951375
