PCC_Lower,PCC_Upper,KendallTau_Lower,KendallTau_Upper
0.026103684936436874,0.15328617888477186,0.04397407814691204,0.13421934955664516
