PCC_Lower,PCC_Upper,KendallTau_Lower,KendallTau_Upper
0.456070194177819,0.5933721875722487,0.38784023973963844,0.5153429477090757
