PCC_Lower,PCC_Upper,KendallTau_Lower,KendallTau_Upper
-0.06648964500591638,0.06584083155666838,-0.030968354477552737,0.05054737354085842
