PCC_Lower,PCC_Upper,KendallTau_Lower,KendallTau_Upper
0.3163246579989325,0.48776112155318274,0.19886711036949903,0.3145041325357061
