PCC_Lower,PCC_Upper,KendallTau_Lower,KendallTau_Upper
0.3636803087992856,0.5171172648298722,0.3276241744913465,0.452010637283618
