PCC,KendallTau
0.08774155167827012,0.10480112548573214
