PCC,KendallTau
0.16223215436179336,0.06239746428127486
