PCC,KendallTau
0.13379685762604168,0.09162078261930462
