PCC,KendallTau
0.11127408329862477,0.10540133664631346
