PCC,KendallTau
0.12747838187590027,0.09437584517102582
