PCC,KendallTau
0.0952005541266626,0.10123571589566203
