PCC,KendallTau
0.12043288741746871,0.08813593646073911
