PCC,KendallTau
0.12772869610531035,0.10658825588754026
