PCC,KendallTau
0.538169670916429,0.4277944505431795
