PCC,KendallTau
0.3747477992257227,0.2665630318475798
