PCC,KendallTau
-0.07498524029479771,-0.06950713750184882
