PCC,KendallTau
0.08969493191060438,0.0890967138517786
