PCC,KendallTau
0.5247211908750339,0.4515915937243571
