PCC,KendallTau
-0.0003244067246239944,0.009789509531652842
