PCC,KendallTau
0.4020428897760576,0.25668562145260254
