PCC,KendallTau
0.4403987868145789,0.38981740588748226
