PCC_Lower,PCC_Upper,KendallTau_Lower,KendallTau_Upper
0.673203788014989,0.7542728456948078,0.5651435502512161,0.6619748499536222
