PCC_Lower,PCC_Upper,KendallTau_Lower,KendallTau_Upper
0.33683861519290087,0.4867334783211839,0.3125864689668264,0.37023878459308257
