PCC_Lower,PCC_Upper,KendallTau_Lower,KendallTau_Upper
-0.13690689236105272,-0.01328490299805455,-0.09540563030124476,-0.010752346095945706
