PCC_Lower,PCC_Upper,KendallTau_Lower,KendallTau_Upper
0.5008359793320138,0.603647986923159,0.43608647147247054,0.5334723379937502
