PCC_Lower,PCC_Upper,KendallTau_Lower,KendallTau_Upper
0.19021866029756365,0.30800267591563646,0.1364450808312409,0.2236439129627491
