PCC_Lower,PCC_Upper,KendallTau_Lower,KendallTau_Upper
-0.05300199872856934,0.03495882560178598,-0.03855756712425484,0.05497946218765909
