PCC_Lower,PCC_Upper,KendallTau_Lower,KendallTau_Upper
0.47112083925494846,0.5823951501127522,0.3120395882377362,0.39347303886555357
