PCC_Lower,PCC_Upper,KendallTau_Lower,KendallTau_Upper
0.47572463698302914,0.5937399311494519,0.40570081347063575,0.5041833374203266
