PCC,Kendall Tau
0.4289316656541128,0.3956791684417951
