PCC,Kendall Tau
0.30871411159097867,0.29164053367838855
