PCC,Kendall Tau
0.45687294565596276,0.3817150481684857
