PCC,Kendall Tau
0.57807225141473,0.4556378065839364
