PCC,Kendall Tau
0.5115697692699946,0.3880423183036787
