PCC,Kendall Tau
0.5872552568193002,0.4859348546922002
