PCC,Kendall Tau
0.5898586020716392,0.4876840486377983
