PCC,Kendall Tau
0.5092085282071915,0.37308471023919615
