PCC,Kendall Tau
0.5601078501330352,0.4317020756113262
