PCC,Kendall Tau
0.6079059304296737,0.5388907008010354
