PCC,Kendall Tau
0.5768256445040006,0.4685095463177576
