PCC,Kendall Tau
0.4956839436266521,0.3908805233776806
