PCC,Kendall Tau
0.5264197384938012,0.47283517451472595
