PCC,Kendall Tau
0.4167090175299712,0.35193829830274925
