PCC,Kendall Tau
0.5010024120612355,0.42810373168922816
