PCC,Kendall Tau
0.5822466014274172,0.4625755336168111
