PCC,Kendall Tau
0.509821659418339,0.3826381631357093
