PCC,Kendall Tau
0.546861958297439,0.4392822507391198
