PCC,Kendall Tau
0.5278529917240065,0.3994510659385173
