PCC,Kendall Tau
0.6106049192235673,0.5367575029717853
