PCC,Kendall Tau
0.4555186852941402,0.31829694123544633
