PCC,Kendall Tau
0.477575386493923,0.39199466005967976
