PCC,Kendall Tau
0.43068818227272737,0.3507827378909091
