PCC,Kendall Tau
0.509683564290587,0.4193735311834123
