PCC,Kendall Tau
0.3685829796295124,0.3132209840086797
