PCC,Kendall Tau
0.4422474181510735,0.3801850140967621
