PCC,Kendall Tau
0.37372922170488504,0.30400078552482546
