PCC,Kendall Tau
0.49513919619288554,0.4208092026432982
