PCC,Kendall Tau
0.34821869493362473,0.29347135374153677
