PCC,Kendall Tau
0.38624281125281795,0.3301182306903481
