PCC,Kendall Tau
0.32596767134845933,0.2988219096233654
