PCC,Kendall Tau
0.32283930108366465,0.25147799600345855
