PCC,Kendall Tau
0.5245339291461385,0.4612676650305748
