PCC,Kendall Tau
0.3449772725261191,0.27670357982322474
