PCC,Kendall Tau
0.1611749283345969,0.13438951418383868
