PCC,Kendall Tau
0.15137343678969484,0.12449688682767535
