PCC,Kendall Tau
0.2316954116666048,0.19388218400730653
