PCC,Kendall Tau
0.4762701784270404,0.4441920676994504
