PCC,Kendall Tau
0.3815791031428456,0.2991316063964818
