PCC,Kendall Tau
0.501890670048294,0.4206491114554863
