PCC,Kendall Tau
0.34842611264563705,0.28066112856547787
