PCC,Kendall Tau
0.4674812937287628,0.4244324555446212
