PCC,Kendall Tau
0.5230882274208776,0.46741641046037746
