PCC,Kendall Tau
0.35372441080014466,0.30561233526208725
