PCC,Kendall Tau
0.38981830999352,0.3208104697847335
