PCC,Kendall Tau
0.38329831817200677,0.31479459294740736
