PCC,Kendall Tau
0.3808263317302696,0.3018315529137029
