PCC,Kendall Tau
0.4770743860766216,0.381926745223535
