PCC,KendallTau
0.1625528444934268,0.1517255415677387
