PCC,KendallTau
0.1853846495222703,0.09679111913524516
