PCC,KendallTau
0.1458757907940953,0.09730669256400055
