PCC,KendallTau
0.13765041416186438,0.09767302558751442
