PCC,KendallTau
0.1486028121422936,0.13799698381352632
