PCC,KendallTau
0.14322210816589465,0.08822498579873995
