PCC,KendallTau
0.18554676416609814,0.12515467734175117
