PCC,KendallTau
0.16606578381711729,0.134624252032995
