PCC,Kendall Tau
"(0.22606750338506854, 0.3913607197968888)","(0.22059206484350669, 0.3626890025132704)"
