PCC,Kendall Tau
"(0.3662044254261258, 0.5475414658857998)","(0.2971533029650532, 0.46627679337191824)"
