PCC,Kendall Tau
"(0.36156540710906065, 0.4962979241991649)","(0.3384314740103433, 0.45292686287324696)"
