PCC,Kendall Tau
"(0.49299460339172674, 0.6815159102468737)","(0.40582455295385556, 0.5660451564305449)"
