PCC,Kendall Tau
"(0.4402607749318153, 0.582878763608174)","(0.332141002295522, 0.44394363431183537)"
