PCC,Kendall Tau
"(0.5097654093556657, 0.6463790934737942)","(0.4000752965186329, 0.5112003166492398)"
