PCC,Kendall Tau
"(0.44409512055650996, 0.5743219358578731)","(0.32063513251604053, 0.42553428796235176)"
