PCC,Kendall Tau
"(0.4943126568673224, 0.685404547275956)","(0.407604223783706, 0.5677638734918906)"
