PCC,Kendall Tau
"(0.4964635910934599, 0.6237521091726106)","(0.3780640397161499, 0.48534011150650247)"
