PCC,Kendall Tau
"(0.44142499357202153, 0.5605798305504495)","(0.3734877696530854, 0.48271969372537094)"
