PCC,Kendall Tau
"(0.5083245632180274, 0.7074872976413199)","(0.44990769034350225, 0.6278737112585686)"
