PCC,Kendall Tau
"(0.43742437607681595, 0.6154151009107864)","(0.3920351067698965, 0.5536352422595554)"
