PCC,Kendall Tau
"(0.42283521729102663, 0.5685326699622776)","(0.33092789026678343, 0.45083315648857775)"
