PCC,Kendall Tau
"(0.5062316818902649, 0.6474196071177364)","(0.4081735261860768, 0.5288455664494384)"
