PCC,Kendall Tau
"(0.35060547098019923, 0.48281256407974316)","(0.29482587231981044, 0.40905072428568806)"
