PCC,Kendall Tau
"(0.5107483308411225, 0.7104615076060121)","(0.4489450416576635, 0.6245699642859069)"
