PCC,Kendall Tau
"(0.3951869068935324, 0.515850463694748)","(0.27130106843872726, 0.3652928140321654)"
