PCC,Kendall Tau
"(0.5121908065889962, 0.6523023962658383)","(0.4050402291966352, 0.520110838036987)"
