PCC,Kendall Tau
"(0.438653341998668, 0.58098997683801)","(0.32623228472011434, 0.4390440415513043)"
