PCC,Kendall Tau
"(0.4560403394255962, 0.6376835771692818)","(0.36657408131313796, 0.5119904201651017)"
