PCC,Kendall Tau
"(0.4648011705126164, 0.5909048129353965)","(0.3488776918845943, 0.45002443999244035)"
