PCC,Kendall Tau
"(0.4023997161117641, 0.4589766484336906)","(0.3275169255736338, 0.37404855020818434)"
