PCC,Kendall Tau
"(0.4655752386565224, 0.5537918899246517)","(0.38246378642272, 0.4562832759441046)"
