PCC,Kendall Tau
"(0.44811729294852226, 0.5070334800393237)","(0.3674321619015919, 0.4165571582177676)"
